,gpt3,alpaca,gpt4o,llama1,llama2
gpt3,0.0,0.23388658156275902,-0.2065802336339461,0.5332549296145357,-0.009876272928445276
alpaca,-0.23388658156275902,0.0,-0.44046681610269567,0.2993683502213858,-0.24376285480114843
gpt4o,0.2065802336339461,0.44046681610269567,0.0,0.7398351638206865,0.1967039609558404
llama1,-0.5332549296145357,-0.2993683502213858,-0.7398351638206865,0.0,-0.5431312041999902
llama2,0.009876272928445276,0.24376285480114843,-0.1967039609558404,0.5431312041999902,0.0
