,gpt3,alpaca,gpt4o,llama1,llama2
gpt3,0.0,0.15773268662259723,-0.26526119096766937,0.46475673296425435,-0.017761133863121472
alpaca,-0.15773268662259723,0.0,-0.42299387782868525,0.30702404653239196,-0.17549382019365592
gpt4o,0.26526119096766937,0.42299387782868525,0.0,0.7300179237650307,0.24750005742045253
llama1,-0.46475673296425435,-0.30702404653239196,-0.7300179237650307,0.0,-0.48251786629689447
llama2,0.017761133863121472,0.17549382019365592,-0.24750005742045253,0.48251786629689447,0.0
