,gpt3,alpaca,gpt4o,llama1,llama2
gpt3,0.0,0.26729454477537246,-0.2133583352828945,0.5768346681386112,0.030373309276255134
alpaca,-0.26729454477537246,0.0,-0.48065288022515995,0.3095401258666339,-0.23692123562428705
gpt4o,0.2133583352828945,0.48065288022515995,0.0,0.790193006067952,0.2437316446127938
llama1,-0.5768346681386112,-0.3095401258666339,-0.790193006067952,0.0,-0.5464613607399024
llama2,-0.030373309276255134,0.23692123562428705,-0.2437316446127938,0.5464613607399024,0.0
