,gpt3,alpaca,gpt4o,llama1,llama2
gpt3,0.0,0.2914368191228223,-0.2674255422374126,0.6262352065439768,0.10451803845433127
alpaca,-0.2914368191228223,0.0,-0.5588623597270678,0.3347983885894054,-0.18691878045987478
gpt4o,0.2674255422374126,0.5588623597270678,0.0,0.8936607494608824,0.3719435802685509
llama1,-0.6262352065439768,-0.3347983885894054,-0.8936607494608824,0.0,-0.5217171675234012
llama2,-0.10451803845433127,0.18691878045987478,-0.3719435802685509,0.5217171675234012,0.0
