,gpt3,alpaca,gpt4o,llama1,llama2
gpt3,0.0,0.23553016214954892,-0.3276525391244112,0.506091065943806,0.017541489154027413
alpaca,-0.23553016214954892,0.0,-0.5631827021799506,0.2705609030551595,-0.2179886729955215
gpt4o,0.3276525391244112,0.5631827021799506,0.0,0.8337436036138639,0.3451940276108665
llama1,-0.506091065943806,-0.2705609030551595,-0.8337436036138639,0.0,-0.48854957726661574
llama2,-0.017541489154027413,0.2179886729955215,-0.3451940276108665,0.48854957726661574,0.0
