,gpt3,alpaca,gpt4o,llama1,llama2
gpt3,0.0,0.001183316853084481,0.001345296430490121,0.002682504137162788,0.0008867143381104005
alpaca,0.001183316853084481,0.0,0.002060708519216996,0.001892768118123337,0.0011216404798932878
gpt4o,0.001345296430490121,0.002060708519216996,0.0,0.003964703404106204,0.0014110699732456222
llama1,0.002682504137162788,0.001892768118123337,0.003964703404106204,0.0,0.0025602723394796
llama2,0.0008867143381104005,0.0011216404798932878,0.0014110699732456222,0.0025602723394796,0.0
