,gpt3,alpaca,gpt4o,llama1,llama2
gpt3,0.0,0.0011805304316672902,0.0014199260615504533,0.0025965085114619062,0.0008894815295249175
alpaca,0.0011805304316672902,0.0,0.002153012150255969,0.0018343222734282117,0.0011422577155509761
gpt4o,0.0014199260615504533,0.002153012150255969,0.0,0.003989692278723772,0.0014620538868375277
llama1,0.0025965085114619062,0.0018343222734282117,0.003989692278723772,0.0,0.0025234654004414932
llama2,0.0008894815295249175,0.0011422577155509761,0.0014620538868375277,0.0025234654004414932,0.0
