,gpt3,alpaca,gpt4o,llama1,llama2
gpt3,0.0,0.001161279202121256,0.0013887421488350332,0.0026121841419313656,0.0008828091961492042
alpaca,0.001161279202121256,0.0,0.002092825469945669,0.0018599443439993367,0.0011138252550805547
gpt4o,0.0013887421488350332,0.002092825469945669,0.0,0.003968879112491282,0.0014394639153701603
llama1,0.0026121841419313656,0.0018599443439993367,0.003968879112491282,0.0,0.0025197811673679875
llama2,0.0008828091961492042,0.0011138252550805547,0.0014394639153701603,0.0025197811673679875,0.0
