,gpt3,alpaca,gpt4o,llama1,llama2
gpt3,0.0,0.0011862216437270813,0.0013598462394982748,0.002648958218308892,0.0008902715100741762
alpaca,0.0011862216437270813,0.0,0.002087278600717,0.0018581840859535476,0.0011195332520944963
gpt4o,0.0013598462394982748,0.002087278600717,0.0,0.00395290304437037,0.0014356281688674224
llama1,0.002648958218308892,0.0018581840859535476,0.00395290304437037,0.0,0.0025172010602621934
llama2,0.0008902715100741762,0.0011195332520944963,0.0014356281688674224,0.0025172010602621934,0.0
