,gpt3,alpaca,gpt4o,llama1,llama2
gpt3,0.0,0.0011809533686404177,0.001394909922759948,0.002655683497948046,0.0008857903542377061
alpaca,0.0011809533686404177,0.0,0.002125430840260012,0.0018816989784312312,0.001151096081064084
gpt4o,0.001394909922759948,0.002125430840260012,0.0,0.004025741516986849,0.0014296800537900887
llama1,0.002655683497948046,0.0018816989784312312,0.004025741516986849,0.0,0.0025986809986169447
llama2,0.0008857903542377061,0.001151096081064084,0.0014296800537900887,0.0025986809986169447,0.0
