,gpt3,alpaca,gpt4o,llama1,llama2
gpt3,0.0,0.26918003509479865,-0.19474064989373818,0.4430807728192036,0.03992823586171338
alpaca,-0.26918003509479865,0.0,-0.4639206886035585,0.1739007350868994,-0.2292517997188631
gpt4o,0.19474064989373818,0.4639206886035585,0.0,0.637821424113651,0.2346688863157352
llama1,-0.4430807728192036,-0.1739007350868994,-0.637821424113651,0.0,-0.40315253446005556
llama2,-0.03992823586171338,0.2292517997188631,-0.2346688863157352,0.40315253446005556,0.0
