,gpt3,alpaca,gpt4o,llama1,llama2
gpt3,0.0,0.25542893218461943,-0.19128176572343647,0.4786996528937008,0.020044477692362794
alpaca,-0.25542893218461943,0.0,-0.44671070101345783,0.22327072072100237,-0.23538445445947406
gpt4o,0.19128176572343647,0.44671070101345783,0.0,0.669981423439153,0.21132624403568753
llama1,-0.4786996528937008,-0.22327072072100237,-0.669981423439153,0.0,-0.45865517602388217
llama2,-0.020044477692362794,0.23538445445947406,-0.21132624403568753,0.45865517602388217,0.0
