,gpt3,alpaca,gpt4o,llama1,llama2
gpt3,0.0,0.21433755412735744,-0.164665184850554,0.45675699561624367,0.010059671606130971
alpaca,-0.21433755412735744,0.0,-0.379002737136128,0.2424194415008072,-0.20427788321413043
gpt4o,0.164665184850554,0.379002737136128,0.0,0.6214221806158092,0.1747248555179118
llama1,-0.45675699561624367,-0.2424194415008072,-0.6214221806158092,0.0,-0.4466973238044767
llama2,-0.010059671606130971,0.20427788321413043,-0.1747248555179118,0.4466973238044767,0.0
