,gpt3,alpaca,gpt4o,llama1,llama2
gpt3,0.0,0.14114328377498567,-0.22252490451859486,0.44440369745151376,-0.02649620028944911
alpaca,-0.14114328377498567,0.0,-0.363668186001782,0.3032604145676176,-0.16763948401079057
gpt4o,0.22252490451859486,0.363668186001782,0.0,0.6669286018985833,0.19602870331570457
llama1,-0.44440369745151376,-0.3032604145676176,-0.6669286018985833,0.0,-0.4708998978735832
llama2,0.02649620028944911,0.16763948401079057,-0.19602870331570457,0.4708998978735832,0.0
