,gpt3,alpaca,gpt4o,llama1,llama2
gpt3,0.0,0.31781183185511463,-0.2991260872898087,0.6451425741040456,0.12187534289287512
alpaca,-0.31781183185511463,0.0,-0.6169379189422676,0.327330742850938,-0.1959364887908761
gpt4o,0.2991260872898087,0.6169379189422676,0.0,0.944268662723038,0.4210014308383349
llama1,-0.6451425741040456,-0.327330742850938,-0.944268662723038,0.0,-0.5232672315330354
llama2,-0.12187534289287512,0.1959364887908761,-0.4210014308383349,0.5232672315330354,0.0
