,gpt3,alpaca,gpt4o,llama1,llama2
gpt3,0.0,0.0015890687163663782,0.0026467624779944244,0.003958946514056367,0.0013041320533578981
alpaca,0.0015890687163663782,0.0,0.0038481359039969076,0.0027055505156913322,0.0014948554525669696
gpt4o,0.0026467624779944244,0.0038481359039969076,0.0,0.006794540762497363,0.0031734234240205737
llama1,0.003958946514056367,0.0027055505156913322,0.006794540762497363,0.0,0.0036462467418799482
llama2,0.0013041320533578981,0.0014948554525669696,0.0031734234240205737,0.0036462467418799482,0.0
