,gpt3,alpaca,gpt4o,llama1,llama2
gpt3,0.0,0.001323333634927013,0.0021923046116585944,0.003388370699302347,0.0012073904946372158
alpaca,0.001323333634927013,0.0,0.0030623342511417167,0.0025409388500549604,0.0015208739293523458
gpt4o,0.0021923046116585944,0.0030623342511417167,0.0,0.005770861085661606,0.002287292705312361
llama1,0.003388370699302347,0.0025409388500549604,0.005770861085661606,0.0,0.0035490627585058666
llama2,0.0012073904946372158,0.0015208739293523458,0.002287292705312361,0.0035490627585058666,0.0
