,gpt3,alpaca,gpt4o,llama1,llama2
gpt3,0.0,0.001635532187725766,0.0019213973262851595,0.004403421974079977,0.0012325821160829055
alpaca,0.001635532187725766,0.0,0.003069948826540688,0.0030626592189230326,0.0017273278975530563
gpt4o,0.0019213973262851595,0.003069948826540688,0.0,0.006352925053315962,0.0021485492917401572
llama1,0.004403421974079977,0.0030626592189230326,0.006352925053315962,0.0,0.004412888370743806
llama2,0.0012325821160829055,0.0017273278975530563,0.0021485492917401572,0.004412888370743806,0.0
