,gpt3,alpaca,gpt4o,llama1,llama2
gpt3,0.0,0.00147845505828173,0.002449729346497065,0.0037662193300135433,0.0012371428511973913
alpaca,0.00147845505828173,0.0,0.00355914377415038,0.0026820738300577106,0.0017299399252390906
gpt4o,0.002449729346497065,0.00355914377415038,0.0,0.006456136538763997,0.0025788135881126112
llama1,0.0037662193300135433,0.0026820738300577106,0.006456136538763997,0.0,0.004069509562385677
llama2,0.0012371428511973913,0.0017299399252390906,0.0025788135881126112,0.004069509562385677,0.0
