,gpt3,alpaca,gpt4o,llama1,llama2
gpt3,0.0,0.0015716262223524431,0.0028389038542742068,0.003353800014663818,0.001237103749763089
alpaca,0.0015716262223524431,0.0,0.004174649733067685,0.002268273122583629,0.0016946801496876918
gpt4o,0.0028389038542742068,0.004174649733067685,0.0,0.006558637416169984,0.0030182070963871432
llama1,0.003353800014663818,0.002268273122583629,0.006558637416169984,0.0,0.003449958226545128
llama2,0.001237103749763089,0.0016946801496876918,0.0030182070963871432,0.003449958226545128,0.0
