,gpt3,alpaca,gpt4o,llama1,llama2
gpt3,0.0,0.2961108744251337,-0.27352143684242075,0.6413366391910708,0.10781791494171152
alpaca,-0.2961108744251337,0.0,-0.5696323101112243,0.34522576596995086,-0.18829295864895712
gpt4o,0.27352143684242075,0.5696323101112243,0.0,0.914858077773947,0.38133935101523236
llama1,-0.6413366391910708,-0.34522576596995086,-0.914858077773947,0.0,-0.5335187251732311
llama2,-0.10781791494171152,0.18829295864895712,-0.38133935101523236,0.5335187251732311,0.0
