,gpt3,alpaca,gpt4o,llama1,llama2
gpt3,0.0,0.1680678100237599,-0.26436196027799397,0.4817097031588984,-0.016672887665284405
alpaca,-0.1680678100237599,0.0,-0.43242977185743503,0.31364189065558523,-0.18474069882153255
gpt4o,0.26436196027799397,0.43242977185743503,0.0,0.746071661714318,0.24768907254416417
llama1,-0.4817097031588984,-0.31364189065558523,-0.746071661714318,0.0,-0.49838259191792805
llama2,0.016672887665284405,0.18474069882153255,-0.24768907254416417,0.49838259191792805,0.0
