,gpt3,alpaca,gpt4o,llama1,llama2
gpt3,0.0,0.2754433776201292,-0.23790766943982167,0.5951820435885304,0.03069167954557571
alpaca,-0.2754433776201292,0.0,-0.5133510470957138,0.319738665169699,-0.24475169869742208
gpt4o,0.23790766943982167,0.5133510470957138,0.0,0.8330897146615194,0.2685993481390115
llama1,-0.5951820435885304,-0.319738665169699,-0.8330897146615194,0.0,-0.5644903658489756
llama2,-0.03069167954557571,0.24475169869742208,-0.2685993481390115,0.5644903658489756,0.0
