,gpt3,alpaca,gpt4o,llama1,llama2
gpt3,0.0,0.23468507048236395,-0.31665411310213004,0.5085916598335449,0.023016306897255995
alpaca,-0.23468507048236395,0.0,-0.5513391838229125,0.27390658863592526,-0.21166876369835677
gpt4o,0.31665411310213004,0.5513391838229125,0.0,0.8252457709091169,0.3396704199338209
llama1,-0.5085916598335449,-0.27390658863592526,-0.8252457709091169,0.0,-0.4855753515594216
llama2,-0.023016306897255995,0.21166876369835677,-0.3396704199338209,0.4855753515594216,0.0
