,gpt3,alpaca,gpt4o,llama1,llama2
gpt3,0.0,0.23138270322177532,-0.21524037417212669,0.5357256652017828,-0.010007933187621219
alpaca,-0.23138270322177532,0.0,-0.44662307678593466,0.30434296075215167,-0.24139063647496162
gpt4o,0.21524037417212669,0.44662307678593466,0.0,0.7509660398269048,0.2052324407937706
llama1,-0.5357256652017828,-0.30434296075215167,-0.7509660398269048,0.0,-0.5457335976264643
llama2,0.010007933187621219,0.24139063647496162,-0.2052324407937706,0.5457335976264643,0.0
