,gpt3,alpaca,gpt4o,llama1,llama2
gpt3,0.0,0.0011826515049488838,0.0016350186599782093,0.0026865122443982792,0.0009436039724195373
alpaca,0.0011826515049488838,0.0,0.0023626111858017825,0.0019197182615656762,0.0011759423845422378
gpt4o,0.0016350186599782093,0.0023626111858017825,0.0,0.004339871162093795,0.0016725989816789777
llama1,0.0026865122443982792,0.0019197182615656762,0.004339871162093795,0.0,0.0026409259752025785
llama2,0.0009436039724195373,0.0011759423845422378,0.0016725989816789777,0.0026409259752025785,0.0
