,gpt3,alpaca,gpt4o,llama1,llama2
gpt3,0.0,0.0012858005323760505,0.0017315344646961501,0.002851749630010135,0.000987426540882027
alpaca,0.0012858005323760505,0.0,0.0025751746596546702,0.001925761083199284,0.0011495321678312031
gpt4o,0.0017315344646961501,0.0025751746596546702,0.0,0.004572822875784297,0.0019526582165160418
llama1,0.002851749630010135,0.001925761083199284,0.004572822875784297,0.0,0.002568993356900825
llama2,0.000987426540882027,0.0011495321678312031,0.0019526582165160418,0.002568993356900825,0.0
