,gpt3,alpaca,gpt4o,llama1,llama2
gpt3,0.0,0.0012321353566400928,0.001702537314356366,0.00276361181549735,0.0009481583250977072
alpaca,0.0012321353566400928,0.0,0.0025028003064125094,0.001947227146813996,0.0012998454382830717
gpt4o,0.001702537314356366,0.0025028003064125094,0.0,0.004499474393624157,0.0016884410073610212
llama1,0.00276361181549735,0.001947227146813996,0.004499474393624157,0.0,0.002859779684144159
llama2,0.0009481583250977072,0.0012998454382830717,0.0016884410073610212,0.002859779684144159,0.0
