,gpt3,alpaca,gpt4o,llama1,llama2
gpt3,0.0,0.0012728648884672035,0.0014593060746111019,0.0029089368294333193,0.0009570768154763929
alpaca,0.0012728648884672035,0.0,0.002236849983243918,0.00198392392912617,0.001181716648786789
gpt4o,0.0014593060746111019,0.002236849983243918,0.0,0.004258761276425147,0.0015872986247069615
llama1,0.0029089368294333193,0.00198392392912617,0.004258761276425147,0.0,0.0027088238903000897
llama2,0.0009570768154763929,0.001181716648786789,0.0015872986247069615,0.0027088238903000897,0.0
