,gpt3,alpaca,gpt4o,llama1,llama2
gpt3,0.0,0.0012552953614106373,0.0018481512135987918,0.0026991683120699966,0.0009639630740626892
alpaca,0.0012552953614106373,0.0,0.002722351248467506,0.0018661124499663338,0.0012720210115281384
gpt4o,0.0018481512135987918,0.002722351248467506,0.0,0.004655009501444796,0.0018834026133806275
llama1,0.0026991683120699966,0.0018661124499663338,0.004655009501444796,0.0,0.002699196305417973
llama2,0.0009639630740626892,0.0012720210115281384,0.0018834026133806275,0.002699196305417973,0.0
