,gpt3,alpaca,gpt4o,llama1,llama2
gpt3,0.0,0.15409160230062338,-0.26089489970759333,0.476986382857673,-0.012300618060108995
alpaca,-0.15409160230062338,0.0,-0.41498650231816087,0.32289477991331944,-0.1663922206408742
gpt4o,0.26089489970759333,0.41498650231816087,0.0,0.7378812801810805,0.24859428131965877
llama1,-0.476986382857673,-0.32289477991331944,-0.7378812801810805,0.0,-0.4892869985037939
llama2,0.012300618060108995,0.1663922206408742,-0.24859428131965877,0.4892869985037939,0.0
