,gpt3,alpaca,gpt4o,llama1,llama2
gpt3,0.0,0.2327281147615181,-0.20752635006242112,0.5383352390620996,-0.009860813851804675
alpaca,-0.2327281147615181,0.0,-0.4402544651577252,0.3056071228462282,-0.24258892821993214
gpt4o,0.20752635006242112,0.4402544651577252,0.0,0.7458615846422513,0.1976655352927049
llama1,-0.5383352390620996,-0.3056071228462282,-0.7458615846422513,0.0,-0.5481960519483091
llama2,0.009860813851804675,0.24258892821993214,-0.1976655352927049,0.5481960519483091,0.0
