,gpt3,alpaca,gpt4o,llama1,llama2
gpt3,0.0,0.237791601184001,-0.3196784045855022,0.5068562229949073,0.022470670879755086
alpaca,-0.237791601184001,0.0,-0.5574700035283685,0.26906462326525965,-0.21532092955322737
gpt4o,0.3196784045855022,0.5574700035283685,0.0,0.8265346218106799,0.34214907403474587
llama1,-0.5068562229949073,-0.26906462326525965,-0.8265346218106799,0.0,-0.48438555275888234
llama2,-0.022470670879755086,0.21532092955322737,-0.34214907403474587,0.48438555275888234,0.0
