,gpt3,alpaca,gpt4o,llama1,llama2
gpt3,0.0,0.26687610490612707,-0.21038337008723043,0.5836004723761565,0.030273553462064607
alpaca,-0.26687610490612707,0.0,-0.47725947477878083,0.316724368542913,-0.236602551360616
gpt4o,0.21038337008723043,0.47725947477878083,0.0,0.7939838431548009,0.2406569240976578
llama1,-0.5836004723761565,-0.316724368542913,-0.7939838431548009,0.0,-0.5533269195816638
llama2,-0.030273553462064607,0.236602551360616,-0.2406569240976578,0.5533269195816638,0.0
