,gpt3,alpaca,gpt4o,llama1,llama2
gpt3,0.0,0.2880634014258185,-0.2644282601506529,0.6235914772830555,0.10308514894856828
alpaca,-0.2880634014258185,0.0,-0.5524916630785083,0.3355280746174605,-0.1849782531448222
gpt4o,0.2644282601506529,0.5524916630785083,0.0,0.8880197354309924,0.367513410303235
llama1,-0.6235914772830555,-0.3355280746174605,-0.8880197354309924,0.0,-0.520506325175441
llama2,-0.10308514894856828,0.1849782531448222,-0.367513410303235,0.520506325175441,0.0
