,gpt3,alpaca,gpt4o,llama1,llama2
gpt3,0.0,0.0011698530320055631,0.0013531429403264347,0.0026131202222771043,0.0008808364542890029
alpaca,0.0011698530320055631,0.0,0.0020591910598210784,0.0018493062447566223,0.0011146718840110642
gpt4o,0.0013531429403264347,0.0020591910598210784,0.0,0.003914851887807074,0.0014094405233630496
llama1,0.0026131202222771043,0.0018493062447566223,0.003914851887807074,0.0,0.0025100561000510934
llama2,0.0008808364542890029,0.0011146718840110642,0.0014094405233630496,0.0025100561000510934,0.0
