,gpt3,alpaca,gpt4o,llama1,llama2
gpt3,0.0,0.0011691729729370376,0.0013542350597001186,0.0026035238609497142,0.0008807959241179841
alpaca,0.0011691729729370376,0.0,0.0020622393798455027,0.001840650744785785,0.0011194021527235465
gpt4o,0.0013542350597001186,0.0020622393798455027,0.0,0.003906464229297321,0.0014105508512301638
llama1,0.0026035238609497142,0.001840650744785785,0.003906464229297321,0.0,0.0025074246262544635
llama2,0.0008807959241179841,0.0011194021527235465,0.0014105508512301638,0.0025074246262544635,0.0
