,gpt3,alpaca,gpt4o,llama1,llama2
gpt3,0.0,0.001170675874352114,0.0013400572762629723,0.0026027898126757985,0.0008834188581466788
alpaca,0.001170675874352114,0.0,0.0020454961305213567,0.0018356461133032236,0.0011133737469692137
gpt4o,0.0013400572762629723,0.0020454961305213567,0.0,0.00388090784634056,0.001403480714404076
llama1,0.0026027898126757985,0.0018356461133032236,0.00388090784634056,0.0,0.0024918686065201917
llama2,0.0008834188581466788,0.0011133737469692137,0.001403480714404076,0.0024918686065201917,0.0
