,gpt3,alpaca,gpt4o,llama1,llama2
gpt3,0.0,0.0011737087697157402,0.001356749621253251,0.0026078827907919373,0.0008822503924735786
alpaca,0.0011737087697157402,0.0,0.0020682758263106424,0.0018410044762789026,0.0011211766491134659
gpt4o,0.001356749621253251,0.0020682758263106424,0.0,0.00390728706543318,0.0014120031824044054
llama1,0.0026078827907919373,0.0018410044762789026,0.00390728706543318,0.0,0.0025073202079531724
llama2,0.0008822503924735786,0.0011211766491134659,0.0014120031824044054,0.0025073202079531724,0.0
