,gpt3,alpaca,gpt4o,llama1,llama2
gpt3,0.0,0.0011732575505502263,0.0013396470795009926,0.0026169378311434407,0.000881200086750291
alpaca,0.0011732575505502263,0.0,0.002044330527059545,0.0018468481619250906,0.001117402371092639
gpt4o,0.0013396470795009926,0.002044330527059545,0.0,0.0038912911726208337,0.0013976327925241023
llama1,0.0026169378311434407,0.0018468481619250906,0.0038912911726208337,0.0,0.0025100739930044203
llama2,0.000881200086750291,0.001117402371092639,0.0013976327925241023,0.0025100739930044203,0.0
