seed,n,r_star,r_hat_d,error,covered,ci_length
1,500,-0.00011123179137939587,-0.15469878911972046,0.15458755732834106,0,0.05997630165662514
