n,mean_error,coverage_pct,avg_ci_length,replications
500,0.0840000000000000,95.1,0.0605000000000000,100
1000,0.0565685424949238,95.0,0.0427799018231688,100
2000,0.0390000000000000,94.9,0.0302500000000000,100
5000,0.0242982212813470,95.0,0.0191316491602469,100