n,mean_error,coverage_pct,avg_ci_length,replications
500,0.1782098240206778,0.0,0.0605872397637667,10
1000,0.28057023765163647,0.0,0.05407659966698064,10
2000,0.26614745497463443,0.0,0.04952194946618299,10
5000,0.3738024226978369,11.11111111111111,0.05196456871242877,9
